"mirna","log2FoldChange_IF","padj_IF","log2FoldChange_IM","padj_IM","log2FoldChange_IS","padj_IS"
"hsa-let-7a-5p",1.75967215703231,0.914179177732287,0.884166044431426,0.904076632774061,0.875506112600879,0.971217877710201
"hsa-let-7b-3p",-0.313204397583078,0.85334796626066,0.185684016333029,0.799838562470033,-0.498888413916107,0.9205834148352
"hsa-let-7b-5p",-0.479172678772705,0.661725369360764,-1.16167089236381,0.00689277383666671,0.682498213591104,0.878732409813634
"hsa-let-7c-5p",-0.0149462063308791,0.990551786907996,-1.25577321193335,0.144873882396145,1.24082700560247,0.878732409813634
"hsa-let-7d-3p",-0.843140059153252,0.380091433856903,-0.464489140615626,0.449083412543735,-0.378650918537626,0.936720320627506
"hsa-let-7d-5p",0.179950197590259,0.88993551592052,0.210891090937566,0.647284464570765,-0.0309408933473071,0.98197152251718
"hsa-let-7e-5p",-0.295205177862909,0.914179177732287,0.463172712671768,1,-0.758377890534677,0.933378369726749
"hsa-let-7f-1-3p",-0.613870807317055,0.661190080141964,0.0963545002173171,0.891451710428053,-0.710225307534373,0.893226520809066
"hsa-let-7f-2-3p",-0.150079723149032,0.894308831323803,0.0448636888507566,0.904076632774061,-0.194943411999789,0.961399320126011
"hsa-let-7f-5p",-1.08401620527831,0.719789295704956,1.73048416635613,0.147051904295536,-2.81450037163444,0.830450163197871
"hsa-let-7g-3p",1.20789829327531,0.720031563804446,-1.24806957853892,1,2.45596787181423,0.878732409813634
"hsa-let-7g-5p",0.11179130203571,0.959270532385977,-0.0930487521070873,0.904076632774061,0.204840054142798,0.969253441900603
"hsa-let-7i-3p",-0.267235493860671,0.914179177732287,0.110858632462718,0.904076632774061,-0.378094126323388,0.962890991121017
"hsa-let-7i-5p",0.353338650408329,0.66354702990132,0.291101073631922,0.50185342428985,0.0622375767764071,0.971171630705691
"hsa-miR-101-3p",0.435939481518874,0.751532040749557,1.11695216504805,0.0365454833185592,-0.681012683529177,0.893226520809066
"hsa-miR-101-5p",-0.798206488631964,0.751532040749557,0.262123687057411,1,-1.06033017568938,0.893226520809066
"hsa-miR-10399-3p",-0.048159973418302,0.973695998332057,0.223624328459938,0.723345662899899,-0.27178430187824,0.962890991121017
"hsa-miR-10399-5p",0.242313469242383,0.88993551592052,1.04618727975146,0.0418335834407838,-0.80387381050908,0.878732409813634
"hsa-miR-103a-3p",0.0567387038110781,0.963448980476665,-0.31859411317567,0.536317379113553,0.375332816986748,0.9205834148352
"hsa-miR-106b-3p",0.260638087064539,0.865577321370312,0.0995636205503109,0.876964184588048,0.161074466514229,0.969253441900603
"hsa-miR-106b-5p",-0.00974680868415704,0.990551786907996,0.23035565656879,0.647284464570765,-0.240102465252947,0.961399320126011
"hsa-miR-107",-0.257135064175726,0.946385064596895,-0.450969947028931,1,0.193834882853204,0.971171630705691
"hsa-miR-10a-3p",-0.909401828123683,0.722242997949872,0.34628228332518,1,-1.25568411144886,0.893226520809066
"hsa-miR-10a-5p",0.0372697893062202,0.977350160648883,-0.0646140174324582,0.904076632774061,0.101883806738678,0.969253441900603
"hsa-miR-10b-5p",0.635435116722588,0.643590414076326,0.808917995242078,0.147051904295536,-0.17348287851949,0.969253441900603
"hsa-miR-11400",-0.596665702652518,0.754725297289995,0.287657680851918,0.77580649431531,-0.884323383504435,0.893226520809066
"hsa-miR-1180-3p",0.400728589952999,0.914179177732287,0.945519331659386,1,-0.544790741706387,0.962890991121017
"hsa-miR-1197",-0.570716543369171,0.762849167962785,0.147517831950093,1,-0.718234375319264,0.9205834148352
"hsa-miR-122-5p",-4.77374254552071,0.196760089596846,0.167442287779929,0.927160776229746,-4.94118483330064,0.830450163197871
"hsa-miR-125a-3p",0.375893163124283,0.932509383058535,0.186766672790591,1,0.189126490333691,0.976935036744214
"hsa-miR-125a-5p",-0.260423124086799,0.906755408721753,-1.3348587866728,0.0335055014609742,1.074435662586,0.878732409813634
"hsa-miR-125b-2-3p",0.399021676156039,0.914179177732287,1.17876284338225,1,-0.77974116722621,0.941659266069723
"hsa-miR-125b-5p",0.427477302453922,0.883207440955886,-0.19807618262288,0.865831673028987,0.625553485076802,0.933378369726749
"hsa-miR-126-3p",-0.30962956195921,0.816130400685309,-0.558273229951428,0.270194681986237,0.248643667992219,0.962890991121017
"hsa-miR-126-5p",0.0821662624714354,0.932509383058535,0.16813914634209,0.678462242700755,-0.0859728838706547,0.969253441900603
"hsa-miR-1260b",-1.3212431425374,0.506041203625892,0.262947033526314,0.836281912314693,-1.58419017606371,0.878732409813634
"hsa-miR-127-3p",-0.648842395956133,0.702540508627536,0.123588064376559,0.891451710428053,-0.772430460332692,0.893226520809066
"hsa-miR-127-5p",-0.241390707166918,0.963448980476665,0.869140869907533,1,-1.11053157707445,0.961399320126011
"hsa-miR-1271-5p",1.18695898733363,0.380091433856903,-0.883342620625881,0.223592942778943,2.07030160795951,0.830450163197871
"hsa-miR-1273h-3p",0.103192626461708,0.941545253932592,-0.531986789848936,0.257378718762551,0.635179416310644,0.878732409813634
"hsa-miR-1275",0.21475710221613,0.9717396830763,2.15207221830573,1,-1.9373151160896,0.9205834148352
"hsa-miR-1277-5p",-0.0754960498061904,0.963448980476665,-0.242819216703905,0.683617926346213,0.167323166897714,0.969253441900603
"hsa-miR-128-1-5p",0.221676467694582,0.906755408721753,0.213305345312288,0.753539137030735,0.00837112238229341,0.993565608475007
"hsa-miR-128-3p",-0.598167337668582,0.27083995158682,-0.226637971225049,0.536317379113553,-0.371529366443533,0.893226520809066
"hsa-miR-1284",-1.66469331490121,0.684845359823951,-0.862709769538566,1,-0.801983545362642,0.962890991121017
"hsa-miR-1285-3p",0.0490639192980966,0.978962367521404,0.617482146482024,0.449083412543735,-0.568418227183927,0.924239445263419
"hsa-miR-1287-5p",-0.372326566581804,0.914179177732287,-0.583332415926851,1,0.211005849345048,0.971171630705691
"hsa-miR-1294",-2.19687023355287,0.643590414076326,-0.619506910719133,1,-1.57736332283373,0.9205834148352
"hsa-miR-1296-5p",-0.297842195290837,0.914179177732287,-1.2289420957247,1,0.931099900433866,0.893226520809066
"hsa-miR-1299",-3.88286584105728,0.488073549642187,-2.25237118025048,1,-1.63049466080681,0.943452264623003
"hsa-miR-1301-3p",1.28951763360115,0.488073549642187,-1.1925110272055,1,2.48202866080664,0.830450163197871
"hsa-miR-1304-3p",2.39486580324591,0.0229197299045477,-0.119444769034473,0.904076632774061,2.51431057228038,0.830450163197871
"hsa-miR-1307-3p",-1.05883142198426,0.341028471327915,-1.01967878493131,0.0767614218285178,-0.0391526370529479,0.98197152251718
"hsa-miR-1307-5p",0.28454334233745,0.823077659432189,0.186055867054488,0.748305395449327,0.0984874752829624,0.969253441900603
"hsa-miR-130a-3p",-0.218952490684,0.883207440955886,0.824041893516428,0.0487454784421506,-1.04299438420043,0.830450163197871
"hsa-miR-130b-3p",0.164742481006104,0.88993551592052,0.644343026145044,0.070193927352628,-0.47960054513894,0.88582777645236
"hsa-miR-130b-5p",-1.17574525566249,0.638576930987091,-0.239464719857872,0.861899606608984,-0.936280535804614,0.9205834148352
"hsa-miR-132-3p",-0.023492063352279,0.985925580975463,-0.335758443410795,0.701354191202623,0.312266380058516,0.962890991121017
"hsa-miR-134-5p",-1.28170434856458,0.448986423119751,0.0915323568067597,0.909965396646198,-1.37323670537134,0.878732409813634
"hsa-miR-136-3p",-0.821586762648802,0.643590414076326,0.434548338308358,0.62962178857309,-1.25613510095716,0.878732409813634
"hsa-miR-136-5p",-0.521502573496159,0.762849167962785,0.484560365236033,0.559077097655067,-1.00606293873219,0.878732409813634
"hsa-miR-139-3p",-0.471603923752589,0.925218340194366,-2.09031813854725,1,1.61871421479466,0.9205834148352
"hsa-miR-139-5p",-0.0714443876879312,0.963448980476665,-0.26506007619313,1,0.193615688505199,0.969253441900603
"hsa-miR-140-3p",-0.0111793326871363,0.990551786907996,-0.366440857080379,0.667581668212427,0.355261524393243,0.962890991121017
"hsa-miR-140-5p",-0.414313949984957,0.879858297835583,-1.07108734704251,1,0.65677339705755,0.9205834148352
"hsa-miR-141-3p",-0.947135076286844,0.751532040749557,1.51930738628643,1,-2.46644246257328,0.878732409813634
"hsa-miR-142-3p",-0.846454504876344,0.643590414076326,-1.26663241943712,0.0767614218285178,0.420177914560777,0.961399320126011
"hsa-miR-142-5p",0.35734214449301,0.845517298851429,0.218287189153865,0.77580649431531,0.139054955339145,0.969253441900603
"hsa-miR-143-3p",-0.688811047322754,0.66354702990132,-0.551348714172732,0.513734265472044,-0.137462333150022,0.971171630705691
"hsa-miR-144-3p",-0.0918404128219725,0.963448980476665,-0.523449031323838,0.513734265472044,0.431608618501865,0.943452264623003
"hsa-miR-144-5p",-0.24624844329141,0.914179177732287,-0.0327881178182792,0.970525094890752,-0.213460325473131,0.969253441900603
"hsa-miR-145-3p",0.461190576522464,0.800284354884179,-0.538633353992287,0.513734265472044,0.999823930514751,0.878732409813634
"hsa-miR-145-5p",-3.52776412746274,0.0385273042794684,-1.59858525974249,0.223592942778943,-1.92917886772025,0.878732409813634
"hsa-miR-1468-5p",-1.48902098675127,0.332704876469644,0.340000760722469,1,-1.82902174747374,0.830450163197871
"hsa-miR-146a-5p",-0.64320972801005,0.661190080141964,-0.777931838084543,0.223592942778943,0.134722110074493,0.969253441900603
"hsa-miR-146b-3p",0.00430299849808765,0.995606131683792,-0.181334796458174,0.836281912314693,0.185637794956261,0.969253441900603
"hsa-miR-146b-5p",-0.874105790677821,0.615076790605904,-1.22740463760641,0.0775196690630418,0.35329884692859,0.962890991121017
"hsa-miR-148a-3p",0.874999600612516,0.243956605765838,0.942639797053712,0.0320935599545973,-0.0676401964411965,0.971217877710201
"hsa-miR-148a-5p",1.11358908027878,0.0919580851191427,1.4871459061303,0.000160013742484533,-0.373556825851527,0.9205834148352
"hsa-miR-148b-3p",-0.566998415006966,0.380091433856903,-0.427990896774634,0.223592942778943,-0.139007518232332,0.962890991121017
"hsa-miR-148b-5p",0.495351431901857,0.883207440955886,-0.0494871282794302,1,0.544838560181288,0.962890991121017
"hsa-miR-150-3p",-1.14460438978994,0.661190080141964,-1.35440002883542,0.223592942778943,0.209795639045471,0.971171630705691
"hsa-miR-150-5p",-1.75608886453375,0.335599302616022,-1.74032042887133,0.0763074064481257,-0.0157684356624219,0.993565608475007
"hsa-miR-151a-3p",-0.0215081751469615,0.978962367521404,0.0063774802754538,0.982430168313189,-0.0278856554224153,0.98197152251718
"hsa-miR-151a-5p",0.458803550087398,0.719789295704956,0.0649397808864801,0.904076632774061,0.393863769200917,0.931759558952212
"hsa-miR-152-3p",0.624759923684258,0.776645350140645,0.071251976531041,1,0.553507947153216,0.943452264623003
"hsa-miR-152-5p",0.908137041600376,0.693052052330058,0.537599407617528,1,0.370537633982847,0.965302067499348
"hsa-miR-153-3p",-0.470072875386743,0.914179177732287,0.652132481207331,1,-1.12220535659407,0.933378369726749
"hsa-miR-1538",-0.504769102782153,0.883207440955886,-0.165326348368624,1,-0.339442754413528,0.969253441900603
"hsa-miR-155-5p",0.0379794918395106,0.980786378943943,-1.19740344532713,0.107036830954437,1.23538293716664,0.878732409813634
"hsa-miR-15a-5p",0.288588584534472,0.860404590526276,1.15749331926383,0.0226003936700852,-0.868904734729362,0.878732409813634
"hsa-miR-15b-3p",0.478724520740274,0.762849167962785,1.04482109942211,0.0904154182710463,-0.566096578681836,0.9205834148352
"hsa-miR-15b-5p",-0.944653972113471,0.336735338156408,-0.84518921563007,0.11507010090412,-0.0994647564834015,0.971171630705691
"hsa-miR-16-2-3p",0.398861257806221,0.838816616032726,1.3648990744638,0.0335055014609742,-0.96603781665758,0.878732409813634
"hsa-miR-16-5p",0.0890102662580144,0.950643960552868,0.125593749030646,0.832459933407202,-0.0365834827726319,0.98197152251718
"hsa-miR-17-3p",-0.174211450939054,0.914179177732287,-0.455908350552248,0.513734265472044,0.281696899613194,0.962890991121017
"hsa-miR-17-5p",-0.670494083720284,0.838816616032726,-1.35743930380842,1,0.686945220088141,0.943452264623003
"hsa-miR-181a-2-3p",-0.153602740520802,0.925218340194366,-0.620166238368847,0.291336929214761,0.466563497848046,0.9205834148352
"hsa-miR-181a-3p",0.0565240939309638,0.963448980476665,-0.450985991666647,0.34353636829702,0.507510085597611,0.893226520809066
"hsa-miR-181a-5p",-0.143020850733692,0.914179177732287,0.305233688383098,0.559487136093786,-0.448254539116789,0.904620395412272
"hsa-miR-181b-3p",0.32246430418983,0.914179177732287,0.781177562125772,1,-0.458713257935942,0.962890991121017
"hsa-miR-181b-5p",-0.0373568828260492,0.978962367521404,-0.323983992439492,0.651990328037967,0.286627109613443,0.962890991121017
"hsa-miR-181c-3p",-1.95049566701706,0.488073549642187,0.338008687247286,1,-2.28850435426434,0.878732409813634
"hsa-miR-181c-5p",-0.289097836126875,0.88993551592052,0.204213961467531,1,-0.493311797594406,0.9205834148352
"hsa-miR-181d-5p",-0.334498226376323,0.845517298851429,-0.851733018404987,0.11507010090412,0.517234792028664,0.9205834148352
"hsa-miR-182-5p",0.229192489977506,0.914179177732287,0.590249238829038,0.454933808690943,-0.361056748851532,0.962890991121017
"hsa-miR-183-5p",-0.252802234838036,0.914179177732287,0.660967050299059,0.513734265472044,-0.913769285137095,0.893226520809066
"hsa-miR-1843",1.11567830038386,0.363033429736641,0.775558053208241,1,0.340120247175621,0.962890991121017
"hsa-miR-185-3p",-0.113328627357226,0.963448980476665,0.0229414813100569,1,-0.136270108667283,0.971217877710201
"hsa-miR-185-5p",-0.037703984422701,0.982366720991979,-0.754629453467316,1,0.716925469044615,0.933378369726749
"hsa-miR-186-5p",-0.440308508250384,0.751532040749557,-0.148315327239428,0.837566317263919,-0.291993181010956,0.962890991121017
"hsa-miR-18a-3p",-1.2857858743557,0.549631815893897,0.258922654926909,0.836281912314693,-1.54470852928261,0.878732409813634
"hsa-miR-191-3p",-0.416701418957255,0.762849167962785,-0.201435166552997,0.77580649431531,-0.215266252404259,0.969253441900603
"hsa-miR-191-5p",0.10316623581813,0.955866569151468,-0.657676830539309,0.223592942778943,0.760843066357439,0.878732409813634
"hsa-miR-192-5p",1.21861613475739,0.29261827821872,1.67389958329675,0.00689277383666671,-0.455283448539359,0.941659266069723
"hsa-miR-193a-3p",-1.33740799746495,0.838816616032726,-0.425272997380873,1,-0.912135000084076,0.962890991121017
"hsa-miR-194-5p",1.81372352603144,0.0486218235179963,1.24529601694974,0.0623341756823535,0.568427509081705,0.9205834148352
"hsa-miR-195-5p",-0.803199022641797,0.762849167962785,-0.597923886655941,1,-0.205275135985856,0.971171630705691
"hsa-miR-197-3p",-0.962219720650971,0.335599302616022,-0.175119403249649,0.811352395380718,-0.787100317401321,0.878732409813634
"hsa-miR-197-5p",1.17619052494456,0.661190080141964,-0.579084960003998,1,1.75527548494856,0.878732409813634
"hsa-miR-199a-5p",0.409195169446075,0.720031563804446,-0.342193462875831,0.536317379113553,0.751388632321906,0.878732409813634
"hsa-miR-199b-5p",0.863189080914925,0.726707887565909,0.202669401487708,0.878261456020535,0.660519679427217,0.943452264623003
"hsa-miR-19a-3p",-0.423607911150043,0.751532040749557,0.201178851766348,0.765218767353505,-0.624786762916391,0.893226520809066
"hsa-miR-19b-3p",-0.32208862747116,0.838816616032726,-0.511528752166457,0.34353636829702,0.189440124695297,0.969253441900603
"hsa-miR-20a-5p",-0.0919217174794657,0.955866569151468,-0.195555572624892,0.748305395449327,0.103633855145427,0.969253441900603
"hsa-miR-21-3p",0.423018734887373,0.643590414076326,0.289637940484176,0.513734265472044,0.133380794403196,0.969253441900603
"hsa-miR-21-5p",0.730239627766051,0.333062783047144,0.940122604402923,0.0226003936700852,-0.209882976636872,0.962890991121017
"hsa-miR-210-3p",0.369010737184944,0.883207440955886,0.00333260772383997,0.994506093970944,0.365678129461104,0.962890991121017
"hsa-miR-2110",-0.544490243814642,0.914179177732287,0.214653975878523,1,-0.759144219693165,0.962890991121017
"hsa-miR-212-3p",-0.0211123721529154,0.990551786907996,-0.614560167077932,1,0.593447794925016,0.961399320126011
"hsa-miR-22-3p",0.127193317845563,0.914179177732287,0.381167887681767,0.331502490121083,-0.253974569836204,0.941659266069723
"hsa-miR-22-5p",0.111881699270582,0.959270532385977,0.378614160773412,0.632496146278811,-0.26673246150283,0.962890991121017
"hsa-miR-221-3p",0.0753729053039064,0.955866569151468,0.457688230183795,0.270194681986237,-0.382315324879888,0.904620395412272
"hsa-miR-221-5p",1.1584375044162,0.66354702990132,-0.561444794867929,1,1.71988229928413,0.878732409813634
"hsa-miR-222-3p",-0.413299814710047,0.793483906383469,-0.258463996500911,0.717055176407528,-0.154835818209136,0.969253441900603
"hsa-miR-222-5p",2.00694028555027,0.243956605765838,0.454039706917486,1,1.55290057863279,0.878732409813634
"hsa-miR-223-3p",-0.492166370019037,0.720031563804446,0.159299820895234,0.836281912314693,-0.651466190914271,0.893226520809066
"hsa-miR-223-5p",0.787574929361114,0.506041203625892,0.919314639537517,0.0775196690630418,-0.131739710176403,0.969253441900603
"hsa-miR-224-5p",-0.522818940340086,0.775622424618636,-1.36607168827499,0.0587946369054095,0.843252747934908,0.893226520809066
"hsa-miR-2355-3p",1.36708267083986,0.600623162271315,0.662767447380572,1,0.704315223459289,0.943452264623003
"hsa-miR-2355-5p",0.0625467662407242,0.963448980476665,-0.344527475776797,0.559487136093786,0.407074242017521,0.931759558952212
"hsa-miR-23a-3p",-0.547252696417576,0.520377315647359,-0.545427423128834,0.13410847719995,-0.00182527328874125,0.99641533456894
"hsa-miR-23b-3p",-0.412453215320088,0.684845359823951,-0.0759442396270471,0.891451710428053,-0.336508975693041,0.931759558952212
"hsa-miR-24-3p",-0.691724143017657,0.643590414076326,-1.06082947761651,0.0763074064481257,0.369105334598851,0.961399320126011
"hsa-miR-2467-5p",-1.71091187088716,0.643590414076326,-0.131540366296506,1,-1.57937150459065,0.893226520809066
"hsa-miR-25-3p",0.344073572634486,0.751532040749557,0.972762862837687,0.0243855778334384,-0.628689290203201,0.878732409813634
"hsa-miR-26a-1-3p",-1.56724234175661,0.609696797726049,-0.254193456205486,1,-1.31304888555113,0.893226520809066
"hsa-miR-26a-2-3p",-2.59608696286702,0.341028471327915,-1.8187551016588,1,-0.777331861208223,0.961537627346095
"hsa-miR-26a-5p",-0.185952167213856,0.914179177732287,-0.874736866353319,0.134530236203054,0.688784699139463,0.893226520809066
"hsa-miR-26b-3p",-0.276806196055726,0.883207440955886,-0.114240299792413,0.876964184588048,-0.162565896263313,0.969253441900603
"hsa-miR-26b-5p",0.250432964379468,0.892138605964279,-0.432283647507605,0.513734265472044,0.682716611887072,0.893226520809066
"hsa-miR-27a-3p",0.0156656424348127,0.980786378943943,0.24317250366646,0.559077097655067,-0.227506861231647,0.943452264623003
"hsa-miR-27b-3p",0.0840880845073995,0.963448980476665,0.74180763801853,0.20841674430741,-0.657719553511131,0.893226520809066
"hsa-miR-27b-5p",-0.448690903811421,0.719789295704956,-0.206156584271534,0.744702190408703,-0.242534319539887,0.962890991121017
"hsa-miR-28-3p",0.125755426364259,0.914179177732287,-0.182474402542329,0.683617926346213,0.308229828906588,0.9205834148352
"hsa-miR-28-5p",0.0368822174668899,0.9717396830763,-0.541055711892211,0.13410847719995,0.577937929359101,0.878732409813634
"hsa-miR-299-3p",-0.379266351533482,0.914179177732287,1.39750855884413,1,-1.77677491037761,0.878732409813634
"hsa-miR-29a-3p",-0.0458289898434244,0.980786378943943,-0.119489312295073,0.909965396646198,0.0736603224516486,0.98197152251718
"hsa-miR-29b-3p",-0.513861219405128,0.914179177732287,-1.290167819091,1,0.776306599685868,0.961399320126011
"hsa-miR-29c-3p",-0.713291371342004,0.879858297835583,0.28638473958246,0.876964184588048,-0.999676110924464,0.933378369726749
"hsa-miR-301a-3p",0.0279106229227481,0.977525016762042,-0.401902881706305,0.290247630478676,0.429813504629054,0.893226520809066
"hsa-miR-301b-3p",-0.431400151576513,0.690413936957971,-0.318874143880573,0.526803210540066,-0.11252600769594,0.969253441900603
"hsa-miR-3074-5p",-1.53267814643372,0.600623162271315,0.117894870214812,1,-1.65057301664854,0.878732409813634
"hsa-miR-30b-5p",-0.621329620089319,0.684845359823951,-0.864978047767656,0.182962543234011,0.243648427678337,0.969253441900603
"hsa-miR-30c-1-3p",-0.708858537705456,0.751532040749557,-1.44828607019845,1,0.739427532492998,0.9205834148352
"hsa-miR-30c-5p",-0.949923779582669,0.792571362368565,-0.727852466681887,1,-0.222071312900782,0.971217877710201
"hsa-miR-30d-3p",0.0905205245427599,0.925218340194366,0.54325747879668,0.0904154182710463,-0.45273695425392,0.88582777645236
"hsa-miR-30d-5p",-0.349410815936795,0.85334796626066,-0.279438648305393,1,-0.0699721676314023,0.977488954399108
"hsa-miR-30e-3p",-0.427744485874546,0.91330094839701,0.780139739669815,1,-1.20788422554436,0.893226520809066
"hsa-miR-30e-5p",-0.646323933089928,0.762849167962785,0.507955404755216,0.591601387726782,-1.15427933784514,0.878732409813634
"hsa-miR-31-5p",0.715773023955441,0.88993551592052,0.0197112850799536,1,0.696061738875487,0.962890991121017
"hsa-miR-3120-3p",-0.0352019368709387,0.978962367521404,-0.0838305350251278,0.904076632774061,0.0486285981541892,0.98197152251718
"hsa-miR-3127-5p",0.0556571388402079,0.980786378943943,0.78880969065886,1,-0.733152551818652,0.961399320126011
"hsa-miR-3135b",-0.777113419411188,0.88993551592052,-1.89298180054102,1,1.11586838112983,0.941659266069723
"hsa-miR-3143",0.189881238184728,0.949544137001026,0.181841287019156,1,0.00803995116557201,0.995561652310061
"hsa-miR-3157-3p",1.79469137914117,0.335599302616022,1.09154213557966,1,0.703149243561515,0.941659266069723
"hsa-miR-3158-3p",-1.13690191796331,0.751532040749557,-0.071483032217557,1,-1.06541888574575,0.933378369726749
"hsa-miR-3161",-4.62276369218192,0.643590414076326,1.5895680797847,1,-6.21233177196662,0.878732409813634
"hsa-miR-3173-5p",-0.209397829563765,0.963448980476665,0.12274225159148,1,-0.332140081155245,0.969253441900603
"hsa-miR-3174",-1.31818136818447,0.488073549642187,0.289677978539305,1,-1.60785934672378,0.878732409813634
"hsa-miR-3177-3p",0.627143232836881,0.762849167962785,-0.574368896875382,1,1.20151212971226,0.878732409813634
"hsa-miR-32-5p",0.203416153316206,0.914179177732287,0.758884269858578,0.267047047894217,-0.555468116542373,0.9205834148352
"hsa-miR-320a-3p",-0.122167955031682,0.955866569151468,0.933046086421872,0.11507010090412,-1.05521404145355,0.878732409813634
"hsa-miR-320b",0.682044476420981,0.737039546839181,0.712210291609479,1,-0.0301658151884979,0.993565608475007
"hsa-miR-323b-3p",-1.63372371490208,0.488073549642187,-0.232855115500764,1,-1.40086859940132,0.891221985617496
"hsa-miR-324-3p",-0.409734938064617,0.775622424618636,0.356836977510391,0.559487136093786,-0.766571915575008,0.878732409813634
"hsa-miR-324-5p",-1.52729194600417,0.600623162271315,-0.846741055276501,1,-0.680550890727666,0.961399320126011
"hsa-miR-326",0.138710122276142,0.9717396830763,0.489695672718322,1,-0.35098555044218,0.969253441900603
"hsa-miR-328-3p",-0.61109466001796,0.720031563804446,-0.0157552902855451,0.981683708472124,-0.595339369732414,0.9205834148352
"hsa-miR-329-3p",-1.59247801120206,0.643590414076326,-0.382256098956811,1,-1.21022191224525,0.9205834148352
"hsa-miR-330-3p",0.678121309378351,0.589195327101653,-0.313095096781408,0.61516560933909,0.99121640615976,0.878732409813634
"hsa-miR-331-3p",-4.92629643089352,0.0624693926629952,-3.18434573005391,1,-1.74195070083961,0.893226520809066
"hsa-miR-335-3p",-0.19989142259077,0.914179177732287,-0.38896913531563,0.647284464570765,0.18907771272486,0.969253441900603
"hsa-miR-335-5p",-1.31604883290388,0.243956605765838,-0.675077442197622,0.331502490121083,-0.640971390706261,0.904620395412272
"hsa-miR-337-3p",-2.16922891264308,0.29261827821872,-1.68035193336259,0.129865385533511,-0.488876979280488,0.962890991121017
"hsa-miR-337-5p",-3.72462201174513,0.196760089596846,-1.82829204692807,1,-1.89632996481706,0.893226520809066
"hsa-miR-338-3p",0.304639520503489,0.88993551592052,0.168474069509647,0.836281912314693,0.136165450993842,0.969253441900603
"hsa-miR-338-5p",0.791995301325093,0.684845359823951,0.264241192440443,1,0.52775410888465,0.943452264623003
"hsa-miR-339-3p",-0.308218026828724,0.73927745267826,-0.386967984761862,0.330049168394826,0.0787499579331378,0.971171630705691
"hsa-miR-339-5p",-0.548884417052713,0.643590414076326,-0.535851979566727,0.282673029492567,-0.013032437485986,0.993565608475007
"hsa-miR-33a-3p",-0.577102833813159,0.911222514437078,-0.909679269327176,1,0.332576435514017,0.969253441900603
"hsa-miR-33a-5p",0.131454860772807,0.959270532385977,-0.4293448084382,0.647284464570765,0.560799669211008,0.933378369726749
"hsa-miR-33b-5p",-0.884532770191292,0.643590414076326,0.130858832711734,1,-1.01539160290303,0.88582777645236
"hsa-miR-340-3p",0.0918460701760255,0.963448980476665,-0.856024972916234,1,0.947871043092259,0.893226520809066
"hsa-miR-340-5p",0.282217145223502,0.726707887565909,0.751287388451097,0.0226003936700852,-0.469070243227595,0.878732409813634
"hsa-miR-342-3p",-0.439584297100415,0.883207440955886,-0.45697902227149,0.667581668212427,0.0173947251710753,0.993565608475007
"hsa-miR-342-5p",-0.267273754336953,0.939069278661309,0.303964924118421,0.836281912314693,-0.571238678455373,0.962890991121017
"hsa-miR-345-5p",0.224084139085338,0.883207440955886,0.178234028915983,0.752950090650319,0.0458501101693552,0.98197152251718
"hsa-miR-34a-5p",2.25344502844873,0.719789295704956,1.42086695104468,1,0.832578077404053,0.969253441900603
"hsa-miR-34c-5p",2.31642101369537,0.643590414076326,1.81159152400056,1,0.504829489694808,0.969253441900603
"hsa-miR-3605-3p",-0.0556998161984245,0.977525016762042,-0.633434445767632,0.468653335259475,0.577734629569207,0.931759558952212
"hsa-miR-3605-5p",0.535660487628722,0.822386433413915,0.418291895408412,1,0.117368592220309,0.971217877710201
"hsa-miR-361-3p",0.204313275951913,0.914179177732287,-0.704214450865478,0.282673029492567,0.908527726817391,0.878732409813634
"hsa-miR-361-5p",-0.169014900059802,0.899705052556959,-0.259063193908892,0.582687204596264,0.0900482938490904,0.969253441900603
"hsa-miR-3613-5p",-0.0754713338293066,0.975863418474865,-0.312960788513439,1,0.237489454684133,0.969253441900603
"hsa-miR-3615",0.65136564974746,0.699311577813277,1.41655619852523,0.0346593120249097,-0.765190548777769,0.893226520809066
"hsa-miR-362-3p",1.49005779245408,0.549631815893897,0.311301520327916,1,1.17875627212616,0.893226520809066
"hsa-miR-363-3p",0.582104782964723,0.684845359823951,1.25372629287003,0.0335055014609742,-0.671621509905308,0.893226520809066
"hsa-miR-3688-3p",0.751968921329231,0.73927745267826,1.59494926232495,1,-0.842980340995721,0.9205834148352
"hsa-miR-369-3p",-1.84226824555503,0.196760089596846,-0.686365537462761,0.513734265472044,-1.15590270809227,0.88582777645236
"hsa-miR-369-5p",-0.787821833239353,0.643590414076326,-0.275863214487323,0.752950090650319,-0.51195861875203,0.933378369726749
"hsa-miR-370-3p",-3.91048903841015,0.0168001001430881,-3.44809288930746,0.000160013742484533,-0.462396149102694,0.962890991121017
"hsa-miR-371b-5p",0.581513136049696,0.914179177732287,0.986694771742131,1,-0.405181635692435,0.969253441900603
"hsa-miR-374a-3p",0.949179242964436,0.661190080141964,-0.877477969803968,0.34353636829702,1.8266572127684,0.878732409813634
"hsa-miR-374a-5p",-0.667339634659711,0.67931201943708,-1.03252593923084,0.0819440807215202,0.365186304571124,0.961399320126011
"hsa-miR-374b-3p",-0.224649868989796,0.932509383058535,-0.289814382743452,1,0.0651645137536561,0.98197152251718
"hsa-miR-374b-5p",-0.832310581285248,0.506041203625892,-0.979719977813674,0.0686553039612625,0.147409396528426,0.969253441900603
"hsa-miR-375-3p",-0.0630960523688817,0.977525016762042,1.49037968838332,0.0755083664078317,-1.5534757407522,0.878732409813634
"hsa-miR-376a-5p",-2.39807547634951,0.448986423119751,-1.7866563400866,1,-0.611419136262911,0.962890991121017
"hsa-miR-376c-3p",-0.445046518832492,0.892138605964279,0.933074896984924,1,-1.37812141581742,0.878732409813634
"hsa-miR-377-3p",-0.424820347738961,0.88993551592052,0.385354249825735,1,-0.810174597564696,0.9205834148352
"hsa-miR-377-5p",-0.525887599172751,0.883207440955886,0.319347389810273,1,-0.845234988983024,0.9205834148352
"hsa-miR-378a-3p",0.528780374655713,0.751532040749557,1.09720662746433,0.0946215105841585,-0.56842625280862,0.9205834148352
"hsa-miR-378c",0.2853602771331,0.893933322160932,1.15816188151562,0.0755083664078317,-0.872801604382525,0.88582777645236
"hsa-miR-380-3p",-0.866475748605391,0.661190080141964,0.294764471700553,1,-1.16124022030594,0.878732409813634
"hsa-miR-381-3p",-0.502921075268044,0.786731183755185,0.599362779746862,0.50185342428985,-1.10228385501491,0.878732409813634
"hsa-miR-3909",1.01408115463705,0.600623162271315,0.761250441340735,1,0.252830713296317,0.969253441900603
"hsa-miR-3912-3p",0.516609442519169,0.88993551592052,1.91040460577238,1,-1.39379516325321,0.891221985617496
"hsa-miR-3928-3p",-0.775266884070776,0.88993551592052,0.762819079915609,1,-1.53808596398639,0.9205834148352
"hsa-miR-3942-5p",0.943370500070968,0.793483906383469,0.565586838015909,1,0.377783662055059,0.969253441900603
"hsa-miR-409-3p",-1.11294038673827,0.416071155022546,0.0948371791253152,0.904076632774061,-1.20777756586359,0.878732409813634
"hsa-miR-409-5p",-0.46027081579546,0.892138605964279,-0.515519018107096,1,0.0552482023116359,0.984093004809639
"hsa-miR-410-3p",-0.336906192403776,0.892138605964279,0.827736108426908,0.291336929214761,-1.16464230083068,0.878732409813634
"hsa-miR-411-5p",-0.592954426667592,0.73927745267826,-0.340464367826832,0.701354191202623,-0.25249005884076,0.969253441900603
"hsa-miR-421",0.138710418335554,0.845517298851429,0.0707820111296428,0.832459933407202,0.0679284072059113,0.969253441900603
"hsa-miR-423-3p",-0.930698538334472,0.243956605765838,-0.545904710666482,0.279468923027858,-0.384793827667989,0.924239445263419
"hsa-miR-423-5p",0.422627018916654,0.558923663769911,0.35051416874378,0.291336929214761,0.072112850172874,0.969253441900603
"hsa-miR-424-3p",0.277734759197386,0.914179177732287,0.258905060790131,0.811352395380718,0.0188296984072545,0.993565608475007
"hsa-miR-424-5p",0.72590203245371,0.615076790605904,0.746577454098474,0.223592942778943,-0.0206754216447632,0.993565608475007
"hsa-miR-425-3p",-1.03566359897508,0.488073549642187,-0.736450545825103,0.310053680937992,-0.299213053149981,0.962890991121017
"hsa-miR-425-5p",-0.1549831171174,0.914179177732287,-0.0941002739283959,0.884917171110286,-0.0608828431890046,0.976935036744214
"hsa-miR-429",-1.65222647324815,0.613226714388278,1.18009665594846,1,-2.83232312919661,0.830450163197871
"hsa-miR-431-3p",-1.03323110575248,0.661190080141964,1.74150200271699,0.0755083664078317,-2.77473310846948,0.830450163197871
"hsa-miR-431-5p",-0.817902661046924,0.643590414076326,0.228746641134427,0.818079938418507,-1.04664930218135,0.878732409813634
"hsa-miR-432-5p",-0.802502509173543,0.661190080141964,-0.306937891874664,0.752950090650319,-0.495564617298879,0.943452264623003
"hsa-miR-433-3p",-1.32103108107403,0.539588732103713,-0.0548792082982348,1,-1.2661518727758,0.88582777645236
"hsa-miR-4433b-5p",-1.44722244580237,0.600623162271315,-0.249474808855422,0.876964184588048,-1.19774763694695,0.893226520809066
"hsa-miR-4435",-1.65131007131537,0.243956605765838,-0.617221579598022,0.513734265472044,-1.03408849171735,0.893226520809066
"hsa-miR-4446-3p",0.00201884042512754,0.995606131683792,-0.0610990708498202,0.904076632774061,0.0631179112749477,0.9719559004965
"hsa-miR-450a-5p",0.775785383652284,0.719789295704956,0.538011571796817,1,0.237773811855467,0.969253441900603
"hsa-miR-450b-5p",1.12719421824612,0.488073549642187,0.881060459497306,0.282673029492567,0.246133758748818,0.969253441900603
"hsa-miR-4511",0.951456765839218,0.615076790605904,-0.619470653132922,1,1.57092741897214,0.878732409813634
"hsa-miR-451a",0.145751644341337,0.932509383058535,0.677057744677924,0.278544567178952,-0.531306100336587,0.9205834148352
"hsa-miR-454-3p",-2.05429530761187,0.196760089596846,-1.38148158133839,1,-0.672813726273481,0.933378369726749
"hsa-miR-454-5p",-0.2941252989395,0.737039546839181,0.205577458968346,0.62962178857309,-0.499702757907846,0.878732409813634
"hsa-miR-4662a-5p",0.335512948876478,0.865577321370312,-0.557417549268884,0.42629437999983,0.892930498145362,0.878732409813634
"hsa-miR-4677-3p",0.27170165468883,0.906755408721753,-0.479320223918126,0.513734265472044,0.751021878606955,0.893226520809066
"hsa-miR-4708-3p",0.465598701445126,0.914179177732287,2.05139187478537,1,-1.58579317334024,0.9205834148352
"hsa-miR-4732-3p",0.286458223904663,0.914179177732287,0.448206068291937,0.647284464570765,-0.161747844387274,0.971171630705691
"hsa-miR-4732-5p",0.822351025757499,0.845517298851429,1.52519022577002,1,-0.702839200012522,0.962890991121017
"hsa-miR-4746-5p",0.680547591545041,0.661725369360764,-0.758949151725997,0.279468923027858,1.43949674327104,0.878732409813634
"hsa-miR-4748",-0.470097570671087,0.955866569151468,-1.13655227345606,1,0.666454702784972,0.969253441900603
"hsa-miR-4772-3p",-1.54864375226215,0.661190080141964,-0.347621564746275,1,-1.20102218751588,0.9205834148352
"hsa-miR-4772-5p",-2.35031425866271,0.643590414076326,-1.31280182842786,1,-1.03751243023485,0.962890991121017
"hsa-miR-4775",0.91328418168218,0.684845359823951,0.600505372091068,1,0.312778809591112,0.969253441900603
"hsa-miR-484",-1.40548414659872,0.196760089596846,-0.487400719231006,0.513734265472044,-0.918083427367714,0.878732409813634
"hsa-miR-485-3p",-3.69846038470318,0.0245480763563732,-1.3145434237385,0.31228295069654,-2.38391696096467,0.878732409813634
"hsa-miR-485-5p",-1.10162954024433,0.488073549642187,0.201413194860415,0.836281912314693,-1.30304273510474,0.878732409813634
"hsa-miR-486-3p",0.447021492093855,0.684845359823951,0.50552062004301,0.293670588040811,-0.0584991279491546,0.976935036744214
"hsa-miR-486-5p",0.778248170719829,0.558923663769911,1.42866544902417,0.0112862151946037,-0.650417278304341,0.893226520809066
"hsa-miR-487a-3p",-0.905327623385871,0.684845359823951,-0.245571096882127,1,-0.659756526503744,0.936720320627506
"hsa-miR-487b-3p",-1.45506661646163,0.322302165188388,-0.429477353068628,0.656936692520712,-1.025589263393,0.893226520809066
"hsa-miR-493-3p",-0.397925578817279,0.88993551592052,0.44223941546725,0.662029199211688,-0.840164994284528,0.893226520809066
"hsa-miR-493-5p",-1.07975546074049,0.600623162271315,0.341038776598686,0.752950090650319,-1.42079423733918,0.878732409813634
"hsa-miR-494-3p",-0.974104815313341,0.845517298851429,-0.822155130917083,1,-0.151949684396259,0.98197152251718
"hsa-miR-495-3p",-2.69122936884065,0.239494004169348,-0.148443133776459,1,-2.54278623506419,0.878732409813634
"hsa-miR-496",-1.77072394496034,0.600623162271315,-0.846537762126519,1,-0.92418618283382,0.941659266069723
"hsa-miR-497-5p",-0.209103641025953,0.914179177732287,-0.252852797624637,0.780299725006135,0.0437491565986848,0.98197152251718
"hsa-miR-500a-3p",1.17772086113999,0.196760089596846,-0.266016865064001,0.683617926346213,1.44373772620399,0.830450163197871
"hsa-miR-501-3p",2.28640321129771,0.0229197299045477,0.602293774378546,0.513734265472044,1.68410943691916,0.830450163197871
"hsa-miR-5010-5p",0.00894180094419827,0.990551786907996,-0.082097338375484,0.904076632774061,0.0910391393196823,0.971217877710201
"hsa-miR-502-3p",-0.233222041165313,0.963448980476665,0.490476759657911,1,-0.723698800823224,0.962890991121017
"hsa-miR-503-5p",0.334851972699285,0.948869296885148,-2.66725173856832,1,3.00210371126761,0.878732409813634
"hsa-miR-505-3p",-2.15082509327112,0.196760089596846,-0.737259275450596,0.528553268165612,-1.41356581782053,0.878732409813634
"hsa-miR-5189-5p",0.646344541280464,0.845517298851429,-0.0367476648229189,0.978276167250658,0.683092206103383,0.953656124631435
"hsa-miR-532-3p",-0.737950313505027,0.776005312049377,-0.259648953046177,1,-0.47830136045885,0.962890991121017
"hsa-miR-532-5p",0.36287559138759,0.793483906383469,0.9258207126075,0.0763074064481257,-0.56294512121991,0.893226520809066
"hsa-miR-539-3p",-1.36492549131694,0.341028471327915,0.482074831704209,0.61516560933909,-1.84700032302115,0.830450163197871
"hsa-miR-542-3p",0.402577193100691,0.883207440955886,1.20703378913439,1,-0.804456596033699,0.893226520809066
"hsa-miR-543",-2.43814978411903,0.103544169227515,-0.17740076836704,1,-2.26074901575199,0.830450163197871
"hsa-miR-545-5p",0.742910690043659,0.878921651020479,-1.27124146172964,1,2.01415215177329,0.878732409813634
"hsa-miR-548aq-3p",-0.202186177349279,0.959270532385977,0.640323551519889,1,-0.842509728869168,0.933378369726749
"hsa-miR-548ax",1.08686808628957,0.726707887565909,-2.07024950708714,1,3.15711759337671,0.830450163197871
"hsa-miR-548d-5p",0.175616822193577,0.963448980476665,-1.14855861695739,1,1.32417543915097,0.893226520809066
"hsa-miR-548e-3p",0.594687368887495,0.661190080141964,-0.0875414193892017,0.904076632774061,0.682228788276696,0.893226520809066
"hsa-miR-548e-5p",0.238401916557633,0.914179177732287,0.623863289102468,1,-0.385461372544835,0.961399320126011
"hsa-miR-548j-3p",-0.0868090792617098,0.963448980476665,-0.908790333628444,1,0.821981254366734,0.893226520809066
"hsa-miR-548n",0.146791573552671,0.963448980476665,1.08453709660739,1,-0.937745523054723,0.893226520809066
"hsa-miR-550a-3p",-0.405596428220676,0.899705052556959,-0.189711971774911,1,-0.215884456445765,0.969253441900603
"hsa-miR-550a-5p",-0.327424454539704,0.912082323238246,-0.598145756421586,1,0.270721301881882,0.969253441900603
"hsa-miR-556-3p",-4.51449364030123,0.126985826064061,-0.668313373098265,1,-3.84618026720297,0.830450163197871
"hsa-miR-556-5p",-2.11157835324012,0.20645118689407,-2.52295301859969,0.00689277383666671,0.411374665359576,0.962890991121017
"hsa-miR-5683",-0.89172630778457,0.762849167962785,-1.85289717227882,1,0.961170864494249,0.924239445263419
"hsa-miR-5706",1.04007927435804,0.720031563804446,1.23380517437525,1,-0.19372590001721,0.971217877710201
"hsa-miR-574-3p",-0.0880854460577353,0.963448980476665,0.0172894532622721,0.980722270102371,-0.105374899320007,0.971217877710201
"hsa-miR-574-5p",-1.08123486887589,0.792571362368565,1.20965743134364,1,-2.29089230021953,0.878732409813634
"hsa-miR-576-3p",0.410330915955087,0.911222514437078,-0.303732274247426,1,0.714063190202513,0.941659266069723
"hsa-miR-576-5p",-1.8158211109425,0.243956605765838,-0.916719655996295,0.282673029492567,-0.899101454946206,0.893226520809066
"hsa-miR-582-3p",1.09969949074713,0.719789295704956,2.15171541639073,0.0694935842968384,-1.05201592564361,0.9205834148352
"hsa-miR-582-5p",3.1023480872617,0.600623162271315,1.94137911929791,1,1.16096896796378,0.962890991121017
"hsa-miR-584-3p",-1.81549412913758,0.762849167962785,-4.26172985297104,1,2.44623572383346,0.893226520809066
"hsa-miR-584-5p",0.632698524040471,0.356418271857548,-0.0386865084039182,0.911893726972404,0.671385032444389,0.878732409813634
"hsa-miR-589-3p",0.106386453981868,0.9717396830763,-0.167835799366134,1,0.274222253348003,0.969253441900603
"hsa-miR-589-5p",0.680577022797568,0.360865835219332,0.584054721280151,0.147051904295536,0.0965223015174171,0.969253441900603
"hsa-miR-590-3p",-0.850842845398717,0.643590414076326,-0.0767137442772513,0.911893726972404,-0.774129101121466,0.893226520809066
"hsa-miR-598-3p",-0.258594065099291,0.892138605964279,0.643907636357617,0.270194681986237,-0.902501701456908,0.878732409813634
"hsa-miR-6131",-0.66900882262696,0.719789295704956,0.298315809377974,0.748305395449327,-0.967324632004934,0.88582777645236
"hsa-miR-616-5p",1.39059772860596,0.488073549642187,0.655907891262295,1,0.734689837343668,0.931759558952212
"hsa-miR-625-3p",-0.108019430175921,0.963448980476665,0.654423423429223,0.513734265472044,-0.762442853605144,0.9205834148352
"hsa-miR-625-5p",-0.841606793743366,0.720031563804446,-0.225904923137956,0.865775471106205,-0.61570187060541,0.943452264623003
"hsa-miR-627-3p",1.21410522620412,0.442613294508437,-0.332514837294967,1,1.54662006349909,0.878732409813634
"hsa-miR-627-5p",-0.250284478075661,0.911222514437078,0.985913268366564,1,-1.23619774644223,0.878732409813634
"hsa-miR-628-3p",-0.623155709147178,0.720031563804446,-0.370325518709329,0.647284464570765,-0.252830190437849,0.969253441900603
"hsa-miR-628-5p",0.256126844892723,0.906755408721753,-0.425580182968961,0.559487136093786,0.681707027861684,0.893226520809066
"hsa-miR-641",-0.246760966157604,0.959270532385977,1.13028103362169,1,-1.37704199977929,0.893226520809066
"hsa-miR-6503-3p",1.03051521956793,0.800076171577918,-0.68770911294484,1,1.71822433251277,0.893226520809066
"hsa-miR-6503-5p",0.358592162999701,0.930439003525751,0.440898966878844,1,-0.0823068038791431,0.98197152251718
"hsa-miR-651-5p",0.329746247802043,0.912082323238246,0.45629954098714,1,-0.126553293185098,0.971217877710201
"hsa-miR-6516-3p",-1.31539640447147,0.661190080141964,-0.765822454412391,1,-0.549573950059082,0.962890991121017
"hsa-miR-652-3p",0.255635199827926,0.88993551592052,1.12263410854712,0.0365454833185592,-0.866998908719194,0.878732409813634
"hsa-miR-654-3p",-0.719006697278365,0.66354702990132,0.430612894781432,0.620315590758182,-1.1496195920598,0.878732409813634
"hsa-miR-654-5p",-0.774318331506252,0.750309943192124,-1.16398085038942,0.229056821081986,0.389662518883163,0.962890991121017
"hsa-miR-656-3p",-0.987322695837447,0.549631815893897,0.529310461417849,0.529477030723166,-1.5166331572553,0.878732409813634
"hsa-miR-659-5p",-0.948912798813265,0.762849167962785,-1.17210781479158,1,0.22319501597832,0.971171630705691
"hsa-miR-660-5p",0.343612883675484,0.845517298851429,1.11404531808745,0.0487454784421506,-0.77043243441197,0.88582777645236
"hsa-miR-664a-3p",0.529044266238961,0.754725297289995,-0.939564041247294,0.120358587117613,1.46860830748626,0.830450163197871
"hsa-miR-664a-5p",-0.0574341917530817,0.9717396830763,-0.801009922180948,0.156639392130317,0.743575730427867,0.893226520809066
"hsa-miR-671-3p",0.266180515590396,0.88993551592052,0.305372740127794,0.650875437994299,-0.0391922245373977,0.98197152251718
"hsa-miR-6735-5p",-0.078403853175531,0.978962367521404,-0.604734426485262,1,0.526330573309731,0.962890991121017
"hsa-miR-6741-3p",-1.03464254989946,0.838816616032726,0.801974175625579,1,-1.83661672552504,0.893226520809066
"hsa-miR-6772-3p",-1.12617863874607,0.860404590526276,-0.901654803257661,1,-0.224523835488412,0.980726070258826
"hsa-miR-6813-5p",-1.34608047018976,0.719789295704956,0.336379208326478,1,-1.68245967851623,0.893226520809066
"hsa-miR-6837-3p",0.711173381067664,0.243956605765838,0.0144548932067014,0.973730719194533,0.696718487860963,0.878732409813634
"hsa-miR-6842-3p",0.647491470900506,0.643590414076326,0.170607623064117,0.832459933407202,0.476883847836389,0.9205834148352
"hsa-miR-6852-5p",-0.218009547481779,0.88993551592052,0.347425858439341,0.513734265472044,-0.56543540592112,0.893226520809066
"hsa-miR-6859-5p",0.260270286908136,0.914179177732287,-0.136576521114301,1,0.396846808022437,0.962890991121017
"hsa-miR-6866-5p",0.623295817837101,0.720031563804446,0.12643275728383,1,0.496863060553271,0.941659266069723
"hsa-miR-7-1-3p",0.2142793220572,0.914179177732287,0.144937349879929,0.876964184588048,0.0693419721772711,0.98197152251718
"hsa-miR-744-3p",-0.130300342938158,0.941545253932592,0.0572341500781272,1,-0.187534493016285,0.969253441900603
"hsa-miR-744-5p",-0.140513905628736,0.914179177732287,-0.295572278592053,0.513734265472044,0.155058372963317,0.962890991121017
"hsa-miR-758-3p",-0.733303372340299,0.892138605964279,-0.854145514675364,1,0.120842142335066,0.98197152251718
"hsa-miR-766-3p",-0.28162147862302,0.914179177732287,-0.47045903499684,1,0.188837556373819,0.969253441900603
"hsa-miR-766-5p",-1.07001160670213,0.714549745019298,-1.09937966873354,1,0.0293680620314045,0.993565608475007
"hsa-miR-769-5p",-0.429312575709223,0.661190080141964,-0.507480408215961,0.229056821081986,0.0781678325067377,0.971171630705691
"hsa-miR-7705",-0.388593261533603,0.914179177732287,0.293706192381733,1,-0.682299453915336,0.943452264623003
"hsa-miR-7706",0.543922956605824,0.613226714388278,0.835835189442237,0.0487454784421506,-0.291912232836414,0.943452264623003
"hsa-miR-7849-3p",0.124031618227054,0.963448980476665,-0.375536670903822,1,0.499568289130875,0.943452264623003
"hsa-miR-7977",0.327810644461861,0.914179177732287,-0.221999934705501,1,0.549810579167362,0.962890991121017
"hsa-miR-873-3p",0.600369879603231,0.914179177732287,-1.07580054438058,1,1.67617042398381,0.904620395412272
"hsa-miR-873-5p",1.06092414003228,0.764092766624712,-0.67053991755751,1,1.73146405758979,0.893226520809066
"hsa-miR-874-3p",0.941960074457994,0.615076790605904,0.357085663758418,1,0.584874410699576,0.933378369726749
"hsa-miR-877-5p",0.32842669851228,0.845517298851429,0.0714167744765251,0.904076632774061,0.257009924035755,0.962890991121017
"hsa-miR-885-5p",-1.60063719689177,0.793483906383469,0.845111350717696,1,-2.44574854760947,0.893226520809066
"hsa-miR-889-3p",0.175360015028298,0.955866569151468,1.00814704357816,0.291336929214761,-0.83278702854986,0.9205834148352
"hsa-miR-92a-1-5p",-2.3791957350347,0.488073549642187,-1.38561765095482,1,-0.99357808407988,0.943452264623003
"hsa-miR-92a-3p",0.0206557684660003,0.980786378943943,0.582488258082383,0.151411136665652,-0.561832489616383,0.88582777645236
"hsa-miR-92b-3p",-0.0310162825289041,0.980786378943943,0.353626763477205,0.667581668212427,-0.384643046006109,0.961399320126011
"hsa-miR-93-3p",-0.794166928819288,0.844922542797832,-0.548019662045447,1,-0.246147266773841,0.971171630705691
"hsa-miR-93-5p",0.029199689873982,0.96412642202697,-0.233682727997227,0.415895938217293,0.262882417871209,0.893226520809066
"hsa-miR-941",1.16354633295307,0.29261827821872,0.428184037469354,0.559487136093786,0.735362295483712,0.893226520809066
"hsa-miR-942-5p",0.149567563519609,0.959270532385977,-0.463645847222051,1,0.61321341074166,0.941659266069723
"hsa-miR-95-3p",-0.446291956566803,0.940365515220964,-0.59616788681929,1,0.149875930252486,0.98197152251718
"hsa-miR-96-5p",1.11150812789893,0.661190080141964,0.698791412086821,0.559487136093786,0.412716715812104,0.962890991121017
"hsa-miR-98-3p",-0.767916201458037,0.333062783047144,-0.330141857322787,0.513734265472044,-0.43777434413525,0.893226520809066
"hsa-miR-98-5p",0.0764183455876546,0.959270532385977,-0.0897065360119569,0.878261456020535,0.166124881599611,0.969253441900603
"hsa-miR-99b-3p",0.651599392749732,0.661190080141964,1.93723363736992,0.0010703592543775,-1.28563424462018,0.878732409813634
"hsa-miR-99b-5p",1.95858520203021,0.0231987528213957,0.433603204237034,0.571491468837489,1.52498199779317,0.830450163197871
